大小,人口,新旧程度,天然气普及程度,电价,人均收入,人均居住面积,年平均温度,年最高温度,年最低温度
51,18,83,11,43,36,24,55,75,44
82,61,81,28,72,47,15,16,80,6
49,74,57,74,50,90,75,84,78,30
64,41,86,8,89,14,62,37,56,27
59,16,52,50,33,70,98,7,96,1
9,29,81,90,0,34,66,55,69,17
41,40,41,83,35,12,31,16,95,32
29,52,24,23,47,77,19,96,58,20
45,63,19,82,66,33,93,89,85,15
13,84,64,18,66,22,81,80,74,10
43,60,65,68,53,36,62,63,63,41
14,38,75,90,28,22,51,64,52,23
28,42,10,48,13,86,34,79,60,9
88,15,77,3,60,81,4,59,97,48
68,18,1,91,99,17,81,29,65,37
18,85,70,57,26,8,46,24,51,49
30,49,69,52,28,26,55,17,80,45
92,2,35,62,87,24,98,22,84,21
85,16,94,30,60,75,93,57,89,3
12,58,19,74,55,10,72,7,68,31
99,69,81,21,40,41,36,66,86,34
72,89,23,41,38,24,23,92,83,0
14,95,55,65,15,8,51,19,72,7
92,57,64,10,86,45,32,87,55,6
21,59,57,3,49,82,26,65,75,34
84,86,10,48,58,12,31,38,87,48
16,71,76,62,30,39,89,32,66,46
62,28,91,4,45,4,97,95,75,4
70,67,20,34,31,24,8,8,76,26
48,60,42,58,58,96,11,90,79,19
43,38,56,90,51,94,22,63,58,7
7,72,32,36,70,79,63,60,91,10
80,52,72,99,85,77,7,98,87,48
90,6,11,13,88,85,8,50,55,31
13,30,41,22,88,70,67,55,75,30
1,75,63,80,77,25,43,42,73,25
78,70,4,37,65,50,73,22,57,39
47,93,26,95,57,3,67,39,69,43
13,6,97,16,3,71,25,21,98,35
43,40,69,32,61,62,4,64,54,25
32,61,23,29,85,48,56,67,87,29
53,82,28,81,0,90,25,75,80,29
37,67,59,43,7,36,16,69,82,34
2,96,89,31,58,45,11,5,69,14
18,86,54,57,9,2,39,37,52,11
19,37,3,16,55,46,96,97,68,18
77,13,71,15,67,99,98,86,72,44
58,27,75,91,6,73,97,86,60,20
47,62,31,86,45,52,66,48,53,19
29,69,45,40,37,74,31,72,78,24
9,24,6,63,51,93,24,45,58,10
49,97,54,84,94,51,39,66,76,47
77,57,16,17,40,67,41,81,56,8
61,71,28,63,47,74,32,69,70,31
25,59,81,36,72,69,25,60,87,45
69,42,52,78,88,1,6,90,82,25
72,1,56,46,55,93,47,30,74,49
99,83,68,36,76,77,50,61,71,5
80,59,29,84,58,48,97,20,90,47
28,24,95,16,1,60,56,70,69,48
32,77,48,76,37,89,30,13,56,0
2,34,36,32,33,88,98,63,73,7
34,49,92,63,47,38,30,25,97,37
42,66,77,24,96,37,73,10,80,16
98,26,79,24,88,87,53,2,82,44
81,21,10,72,4,17,14,26,58,22
16,52,67,4,17,29,55,58,68,45
38,13,60,7,61,57,50,48,88,13
99,1,47,31,79,92,86,67,91,4
85,57,2,55,19,86,64,80,60,8
49,65,22,17,97,57,63,27,55,44
48,73,9,68,35,10,92,59,61,30
50,22,0,65,64,60,35,67,93,13
9,9,0,96,43,42,31,84,73,23
26,50,56,40,10,82,20,17,59,41
10,24,60,36,31,79,44,20,54,42
19,10,89,90,12,21,96,0,96,12
6,67,0,93,29,55,13,74,53,44
7,71,98,22,50,14,93,95,91,7
26,76,79,74,96,7,87,74,93,33
50,15,85,42,79,32,62,86,77,17
78,27,63,25,1,24,80,0,65,19
52,98,20,92,75,12,54,93,97,35
28,16,38,27,73,36,92,73,88,39
20,39,47,18,41,42,97,18,61,9
35,29,36,20,27,70,85,71,78,16
60,95,75,29,28,89,63,37,68,29
45,7,7,96,83,16,56,89,50,39
63,71,77,5,97,9,71,17,59,45
89,97,85,15,0,93,35,72,52,16
33,59,65,38,28,41,6,15,70,24
35,89,26,23,46,23,22,1,76,12
87,36,34,99,86,98,47,11,72,7
57,7,38,46,29,66,84,57,70,3
51,65,30,69,4,17,83,96,68,39
87,62,73,13,95,78,11,14,50,24
31,30,19,36,67,25,1,68,67,32
68,31,48,80,16,69,71,77,50,34
10,29,18,69,92,60,43,64,50,21
69,51,84,82,97,26,9,44,68,17
23,70,29,13,56,27,19,16,73,37
97,66,87,43,14,68,39,73,58,30
22,47,86,94,22,16,33,92,53,6
27,99,6,81,77,30,94,35,76,20
17,64,13,18,88,96,90,56,61,33
47,4,80,57,90,28,73,11,84,27
61,54,78,76,38,5,92,53,90,19
34,21,35,81,41,45,88,54,68,29
84,9,62,80,11,14,86,43,59,28
76,63,71,36,26,78,51,96,83,22
38,80,80,24,72,33,76,17,83,1
13,82,59,48,85,29,68,6,72,9
67,39,83,74,24,48,98,33,93,42
69,50,89,18,51,85,81,13,91,40
91,44,47,70,71,29,59,69,56,8
24,23,86,66,92,51,49,88,91,1
92,6,16,12,23,77,0,12,78,21
35,93,80,47,6,66,27,25,50,31
73,63,56,19,99,55,16,46,66,39
34,33,58,78,78,46,11,66,97,23
14,50,90,94,96,99,13,82,63,9
82,5,65,35,67,5,59,98,72,48
93,5,89,7,3,24,18,53,54,22
4,42,23,28,40,64,40,68,62,4
56,41,84,34,72,65,34,8,95,27
14,58,89,36,49,37,57,95,71,7
34,72,62,17,47,25,6,81,79,26
27,76,94,78,95,49,6,9,65,9
42,48,3,11,16,45,31,14,99,40
99,81,66,26,31,70,5,32,68,10
88,41,81,74,64,14,71,53,68,32
70,47,6,10,39,25,3,78,67,0
27,38,28,89,37,20,53,5,75,26
63,52,72,94,92,10,80,2,82,19
10,78,37,82,2,55,56,45,65,26
72,72,38,96,58,53,86,94,64,22
51,33,43,51,38,95,20,69,79,38
71,65,0,28,60,30,95,54,60,27
30,81,89,8,92,84,94,81,77,9
41,25,73,8,79,48,54,69,79,34
58,69,76,36,99,88,94,79,90,4
35,15,36,1,54,74,89,98,52,24
86,13,3,28,22,91,5,67,97,32
80,10,64,31,25,77,77,11,63,30
89,3,77,37,70,68,91,88,69,11
26,23,63,95,91,96,13,98,91,29
21,26,77,24,48,46,2,5,60,12
8,77,64,11,89,9,92,19,55,1
63,8,14,61,34,22,72,50,71,27
81,67,71,8,59,94,54,78,79,11
97,43,12,70,16,70,19,23,99,2
90,93,84,55,68,58,44,70,75,44
90,7,51,32,51,97,76,40,62,46
10,42,23,63,75,32,8,71,92,48
8,29,10,68,2,29,23,97,62,26
22,57,97,91,35,28,93,30,91,48
20,20,21,2,91,45,77,93,56,18
40,56,8,23,24,82,23,85,89,32
36,40,94,10,90,90,27,94,86,18
28,7,14,80,43,2,75,36,69,3
11,2,1,2,55,79,60,39,88,25
0,65,18,64,88,71,87,70,99,22
19,14,91,88,77,58,66,74,71,44
59,37,82,5,8,9,35,56,88,44
32,57,55,66,60,18,25,10,64,5
66,61,7,18,90,17,91,29,92,6
21,62,50,0,26,10,70,3,68,2
78,57,69,25,48,39,88,63,56,21
63,88,90,92,3,63,61,4,96,42
65,72,17,66,69,26,51,95,67,48
86,6,70,74,39,82,10,52,99,4
72,48,97,64,26,28,10,23,94,8
73,86,96,35,10,20,29,0,67,27
51,29,82,83,85,32,61,6,77,11
69,30,88,32,53,72,64,22,70,18
96,33,98,25,83,65,41,93,98,35
73,8,43,28,93,49,63,49,57,9
33,92,77,98,65,39,45,42,75,38
8,28,40,23,71,58,67,80,63,1
24,1,56,50,62,82,32,29,60,23
15,71,54,62,21,30,65,35,94,31
93,66,86,31,5,45,39,47,71,4
36,87,24,43,14,11,48,22,92,37
30,76,31,17,63,42,59,51,93,30
78,60,29,9,82,53,56,27,58,43
18,87,81,82,92,45,88,36,55,6
51,82,50,89,96,20,62,54,84,6
73,79,13,46,2,54,70,50,96,18
13,72,53,62,27,94,70,99,77,49
45,80,28,76,86,38,39,79,77,41
1,33,91,13,95,0,90,65,80,43
69,77,74,64,48,34,78,90,89,10
62,33,81,86,96,90,63,34,82,34
58,1,39,31,10,39,43,71,82,24
92,87,81,38,63,96,59,39,85,34
86,65,50,6,82,97,19,78,69,16
51,71,42,19,4,52,25,19,56,38
71,22,28,31,45,68,10,24,65,8
2,31,26,67,43,74,15,12,73,33
12,44,17,30,5,77,73,13,67,7
41,71,85,10,29,58,60,72,83,47
91,50,87,43,29,84,92,56,70,42
78,98,94,76,70,76,76,6,54,31
18,37,50,32,60,75,59,81,77,30
70,19,41,5,44,50,95,98,53,48
28,45,19,14,1,12,57,49,66,24
41,2,88,73,75,82,74,6,77,25
35,98,3,17,5,43,72,42,99,13
97,80,52,24,22,89,42,22,60,19
52,18,82,89,3,46,40,42,80,13
29,17,46,58,72,46,61,88,96,36
77,74,80,11,70,32,5,1,54,45
69,48,74,42,40,32,79,40,97,39
71,73,29,75,29,43,38,6,72,13
15,75,16,66,10,8,58,22,81,47
26,37,33,46,3,24,34,64,73,26
14,94,5,94,52,69,30,20,99,43
70,6,95,18,58,10,20,16,83,5
70,68,90,51,73,19,20,10,93,14
74,38,1,78,30,27,44,43,83,31
69,3,73,54,85,86,7,69,96,38
55,70,90,15,39,79,0,84,86,4
91,48,0,76,85,56,29,30,79,32
37,28,44,40,28,7,71,70,66,6
98,28,64,18,91,9,5,62,98,18
70,40,43,95,69,90,39,12,84,3
70,65,13,42,44,11,84,6,59,22
22,20,91,48,27,7,62,44,79,23
31,26,72,82,61,80,78,38,84,0
53,12,37,38,23,14,11,61,58,48
66,65,33,57,80,27,51,97,57,47
50,20,20,22,87,48,80,33,76,16
26,99,13,89,60,97,42,48,87,20
0,32,75,35,58,7,73,33,54,28
93,8,67,80,20,79,37,74,68,35
35,74,20,5,63,2,4,94,90,39
68,7,72,15,49,79,39,45,66,12
29,43,65,51,57,20,0,72,97,18
20,19,57,59,80,28,14,49,82,15
74,7,14,38,94,52,21,0,69,10
51,13,30,3,86,52,21,12,89,49
35,17,39,33,38,59,25,77,84,29
54,29,81,23,11,16,2,87,80,24
93,39,71,42,64,97,47,82,57,18
51,44,80,44,96,85,42,66,75,34
60,25,44,60,69,78,16,41,80,2
27,39,38,0,39,20,66,83,77,15
61,30,23,5,48,49,99,43,60,11
33,30,18,96,60,4,57,69,75,48
23,65,65,67,77,71,30,50,78,23
17,62,20,27,30,18,19,38,99,47
21,99,95,95,82,99,52,28,54,40
65,2,21,65,91,50,11,47,51,43
58,34,21,38,47,21,61,61,97,30
64,53,8,92,48,83,23,92,51,36
18,53,90,7,90,63,13,65,64,13
15,57,40,4,70,71,27,93,86,0
27,49,84,14,46,19,36,95,65,48
44,31,10,96,50,23,41,16,87,1
15,49,86,31,6,89,19,32,81,4
24,67,81,0,92,84,55,88,77,39
34,54,84,16,8,28,66,47,64,34
89,18,32,41,45,70,47,51,61,0
16,3,58,62,2,57,35,46,85,34
20,70,21,59,93,39,20,62,50,32
94,15,82,21,96,19,97,10,74,41
6,80,7,11,73,21,16,86,61,6
70,36,61,79,3,90,99,19,72,18
78,89,53,22,23,15,79,0,63,32
20,45,55,90,71,63,37,38,63,47
88,84,50,95,72,69,31,50,86,34
61,7,12,35,20,44,72,1,66,43
33,56,34,47,30,86,32,43,54,38
15,48,83,52,48,44,57,62,76,44
2,20,70,53,18,23,24,54,99,10
56,68,76,41,95,35,38,85,82,5
77,91,20,85,24,36,97,2,79,45
33,50,4,42,76,29,43,26,60,26
93,46,79,82,38,99,17,87,76,42
28,51,98,95,71,18,1,0,58,9
98,30,64,54,17,34,58,11,88,5
27,17,72,73,10,66,63,14,69,0
1,76,81,94,19,84,5,10,68,34
90,51,21,7,82,42,45,96,64,15
90,12,50,52,92,54,48,22,55,46
35,20,61,94,93,19,61,32,85,16
2,78,94,67,94,57,65,60,78,0
7,22,41,64,75,39,14,73,62,6
68,68,83,89,88,78,61,61,81,47
36,12,96,90,53,47,64,99,90,41
61,85,29,24,26,73,24,14,57,37
4,1,52,30,39,7,92,17,98,4
47,8,33,42,17,95,38,87,84,27
37,9,33,72,93,46,1,63,51,34
31,59,62,22,61,39,85,81,52,20
11,79,21,32,36,59,96,23,70,46
84,31,72,26,21,92,6,17,84,42
30,90,88,64,65,19,94,11,74,49
68,54,76,90,79,22,83,94,54,28
76,42,53,75,94,89,52,83,59,25
66,45,65,90,9,29,1,67,67,13
64,18,88,97,61,98,39,42,61,34
55,90,26,32,49,30,48,42,99,30
77,39,96,60,18,70,37,78,83,39
45,53,68,47,28,5,73,40,64,15
95,34,91,23,12,43,83,4,68,1
86,95,57,24,70,63,23,4,62,44
4,29,66,6,13,4,93,39,90,45
30,57,73,56,3,97,46,26,94,9
65,17,59,97,95,92,20,24,76,38
92,20,28,47,49,30,27,70,93,6
37,66,25,84,70,29,19,29,73,11
42,96,1,89,13,7,11,85,56,18
55,87,91,82,30,53,19,39,66,23
37,40,2,23,87,27,19,51,56,20
36,1,17,29,68,74,73,42,75,32
46,53,61,71,63,22,34,28,82,35
79,42,18,65,62,67,36,60,89,35
35,76,10,35,83,37,30,35,80,2
12,58,2,9,14,62,1,30,93,40
34,12,34,21,50,33,61,34,84,43
4,43,83,48,9,49,72,64,92,2
22,14,82,18,53,18,19,85,51,44
24,77,91,85,93,49,5,58,54,11
2,36,47,85,67,6,22,77,81,45
68,25,84,70,17,13,55,55,86,11
41,67,23,78,52,67,80,59,75,19
34,56,76,68,21,23,28,91,82,0
38,5,24,25,89,19,82,77,81,15
99,44,8,66,26,92,96,42,82,6
38,67,30,77,17,68,0,2,71,46
0,24,59,89,61,61,33,81,56,19
72,14,27,92,30,75,17,58,84,42
52,37,94,95,75,27,94,75,60,19
11,35,38,89,28,28,29,67,90,10
94,44,41,31,43,46,32,41,97,41
94,80,48,50,61,29,34,36,71,17
54,48,76,1,15,89,81,50,66,23
28,66,35,79,81,10,77,1,60,30
19,93,64,42,47,76,16,95,70,13
31,45,43,79,42,72,91,5,93,25
65,60,35,52,28,77,17,57,97,24
11,42,87,31,80,33,87,16,83,49
11,53,88,73,27,31,88,20,88,10
96,95,81,40,83,41,10,3,55,20
67,27,55,32,14,35,35,12,78,41
38,69,10,4,19,50,75,31,85,2
11,49,36,96,24,28,67,55,89,12
0,21,90,85,86,4,81,41,61,42
13,56,18,70,79,77,53,42,73,46
23,25,84,22,69,85,88,36,88,32
89,13,72,50,11,57,74,76,91,10
83,13,38,41,66,8,13,0,57,33
36,84,84,68,21,49,40,63,97,43
88,82,71,38,46,73,50,46,88,42
23,30,14,16,76,88,76,52,89,13
28,9,9,40,91,11,50,59,61,38
32,6,88,43,92,62,51,76,92,17
75,8,51,75,57,62,16,41,76,22
90,35,40,97,46,10,37,60,73,38
42,5,13,70,95,75,76,33,78,29
15,1,59,50,62,94,85,90,73,17
79,6,59,8,8,31,31,64,88,4
84,42,10,70,43,90,70,39,78,27
66,3,87,15,55,57,70,99,93,48
22,11,30,95,14,41,48,70,63,2
50,43,26,64,91,18,72,82,71,32
22,65,73,53,63,46,82,8,80,49
33,44,9,16,66,17,94,48,65,41
35,52,17,29,40,49,80,4,53,22
87,80,51,79,5,27,85,95,50,41
37,27,54,21,10,33,46,36,50,13
13,77,79,10,40,76,65,34,53,36
42,48,7,67,51,69,70,23,84,31
82,82,77,39,35,97,91,2,96,35
59,79,35,55,63,94,58,93,87,13
24,22,57,92,7,36,74,87,53,42
89,40,17,22,56,75,26,37,56,9
33,7,92,56,88,21,17,28,82,40
46,10,21,82,29,83,22,56,67,8
58,27,41,73,6,63,81,86,75,35
20,87,75,70,32,16,16,50,75,6
78,53,4,95,20,37,0,31,82,33
82,90,97,96,89,21,52,26,75,31
1,2,5,60,74,44,81,20,60,48
91,3,12,26,79,54,5,42,66,40
33,83,3,28,66,8,96,92,79,24
63,20,91,80,15,4,39,93,96,14
23,90,11,28,70,8,17,87,85,5
45,18,12,98,79,94,20,64,68,31
79,21,96,47,21,72,58,6,88,1
89,6,27,65,61,76,77,64,54,5
21,60,64,1,90,18,26,70,81,19
82,40,31,90,35,29,29,85,54,44
89,81,96,63,0,30,96,62,89,1
31,43,21,21,5,2,93,73,79,27
55,50,8,95,6,89,14,85,80,13
1,47,41,29,74,21,41,27,99,5
20,61,94,75,34,90,16,10,84,44
74,40,9,17,81,86,44,39,71,13
87,21,73,86,34,30,62,85,52,34
78,66,59,72,42,21,32,33,92,42
30,52,20,46,96,31,99,19,57,4
48,67,89,70,76,84,72,17,70,23
23,38,66,9,44,58,32,94,75,37
7,7,12,38,87,11,74,47,62,36
9,65,90,18,34,55,51,30,61,36
47,28,14,13,61,56,66,1,84,42
30,21,76,9,23,25,89,96,65,46
22,10,14,2,50,92,61,9,74,8
15,61,53,6,89,75,12,49,54,12
46,17,9,18,72,42,14,47,88,9
65,37,19,5,35,44,67,4,78,16
44,33,6,2,53,48,50,84,60,20
78,44,84,25,15,68,68,60,59,0
75,49,26,59,65,54,8,58,65,12
82,53,18,46,27,65,32,52,53,32
88,18,65,62,92,40,3,76,95,31
16,2,59,15,61,92,32,33,64,16
93,47,50,87,96,81,3,96,64,39
8,56,95,93,47,67,97,1,74,25
88,56,29,59,40,24,80,37,56,4
83,96,37,78,65,85,87,24,80,32
13,72,78,18,58,57,12,89,94,33
56,65,35,73,76,97,86,40,78,32
28,45,80,41,51,48,31,21,71,10
94,65,94,6,8,37,0,14,70,0
50,14,23,87,24,62,32,54,52,16
44,55,30,55,87,10,41,15,80,30
42,76,97,64,49,77,74,13,78,18
64,99,71,74,12,63,78,1,98,0
43,31,25,23,48,71,27,8,50,9
63,92,82,5,12,98,72,95,81,24
58,92,39,61,22,93,91,14,92,7
31,16,29,55,34,35,42,42,84,39
36,48,94,96,77,7,18,22,74,26
82,69,24,72,42,34,6,4,59,47
20,64,71,95,92,97,18,26,55,3
20,41,84,20,99,42,87,59,76,5
15,97,52,99,69,96,46,57,72,26
89,17,4,42,93,56,6,25,54,44
57,28,15,26,89,87,35,35,78,26
19,51,19,40,11,58,31,98,68,32
27,91,47,99,16,61,23,69,75,27
90,61,54,97,59,39,69,91,64,46
82,15,53,38,28,22,69,82,64,37
95,51,92,50,21,73,71,16,84,20
64,88,83,86,9,99,51,89,92,27
80,10,11,34,80,58,94,13,95,6
87,64,45,22,29,82,87,39,90,26
24,3,28,85,46,80,10,35,93,29
20,29,36,74,1,26,61,64,80,5
28,38,1,60,99,90,27,95,60,24
97,76,63,6,32,36,33,17,89,8
77,12,26,53,64,81,72,46,80,37
58,84,82,71,4,20,12,44,80,37
50,68,40,78,91,52,55,28,97,2
43,57,48,91,1,77,56,13,81,4
83,37,0,94,88,66,6,50,77,31
99,79,64,34,41,16,95,37,82,25
90,12,75,9,96,95,42,49,54,25
5,36,44,9,39,35,86,92,64,38
27,4,65,11,63,44,66,11,87,24
89,49,37,19,55,31,28,28,77,43
41,53,22,2,7,35,84,95,72,47
26,66,64,24,59,24,31,9,58,15
86,85,60,94,42,21,3,64,88,44
28,57,67,69,55,54,52,17,82,28
60,62,9,39,4,96,9,98,66,3
94,85,70,28,80,37,9,21,98,34
38,34,85,87,35,63,30,67,76,23
9,70,15,98,15,38,34,19,77,42
31,66,70,32,56,54,7,32,99,24
76,40,72,60,91,54,59,29,92,18
40,51,86,27,75,94,76,77,77,41
38,4,6,47,55,72,19,78,50,4
41,41,17,35,20,83,37,60,89,25
40,68,91,0,20,24,22,71,76,22
0,22,9,42,35,10,81,69,53,40
15,7,7,22,93,38,35,55,53,20
74,53,51,25,5,91,79,3,88,47
78,10,31,2,95,65,36,90,64,6
91,14,17,5,8,77,69,63,81,32
58,93,52,42,90,92,38,96,78,17
20,0,1,61,34,84,92,29,90,45
38,64,76,89,13,89,76,53,59,42
44,50,10,33,4,28,69,7,86,41
61,77,9,25,2,63,66,85,54,37
83,30,78,18,94,13,37,35,50,13
53,40,84,29,84,83,39,34,92,22
91,98,92,94,89,54,59,53,54,17
0,19,80,94,27,39,98,60,57,41
56,3,76,91,37,77,29,92,99,14
25,99,13,72,76,9,54,76,91,15
57,88,91,17,14,32,16,43,96,1
21,17,90,9,34,64,95,14,80,44
32,72,73,43,19,23,4,58,56,2
97,25,14,28,76,77,73,12,59,28
5,2,16,89,67,22,63,95,50,42
94,84,30,65,76,19,78,86,58,24
24,5,53,32,69,44,96,65,84,16
3,35,33,28,69,1,84,76,66,23
0,93,17,42,83,74,38,90,62,6
92,98,99,30,66,68,87,18,55,45
59,53,97,52,87,63,23,81,77,38
32,6,77,26,65,56,84,91,62,6
69,88,35,62,57,32,34,60,71,2
59,51,89,89,87,45,83,93,81,0
78,98,53,61,10,9,48,87,99,48
13,99,44,31,36,60,75,20,88,22
28,31,78,39,25,2,67,57,57,8
70,47,78,33,75,29,24,21,82,7
8,82,35,80,85,73,96,68,83,25
45,83,4,92,38,40,88,9,57,18
16,14,4,70,39,25,55,54,91,31
60,22,84,76,18,90,33,58,58,14
12,15,16,63,34,15,60,58,99,6
30,30,39,64,97,77,15,98,82,25
85,80,55,21,32,42,37,49,92,8
50,93,51,82,90,19,9,87,63,0
19,90,48,60,31,82,71,14,91,35
19,59,36,91,15,66,57,31,66,22
95,20,15,12,87,61,48,51,56,11
28,64,0,96,65,35,77,2,94,22
28,20,85,53,63,58,90,50,62,8
99,33,34,66,25,82,95,44,62,27
65,96,68,19,90,63,85,67,87,23
65,99,46,1,66,57,90,39,55,14
97,87,96,5,56,93,81,41,74,14
28,82,74,52,28,10,38,59,91,48
82,58,69,53,29,13,3,2,53,1
72,93,75,92,57,7,4,90,77,46
8,53,71,18,46,49,16,72,90,47
25,2,2,27,5,71,46,43,56,19
5,78,5,32,35,66,94,28,50,6
33,28,83,97,49,43,14,24,84,37
76,72,23,69,76,66,27,21,75,12
67,26,35,15,17,28,0,95,80,16
33,99,33,42,97,78,23,32,67,36
46,82,65,60,97,2,45,75,59,9
42,81,3,63,43,26,82,39,62,20
60,42,80,77,26,41,52,6,56,36
66,74,16,22,31,14,48,67,66,17
0,9,81,84,96,27,86,78,77,36
33,75,7,90,18,97,1,36,56,33
77,86,89,86,76,58,2,13,90,16
32,41,78,77,7,35,89,58,87,9
27,86,52,24,67,11,49,30,53,26
71,36,44,63,31,46,69,47,96,21
73,64,96,16,54,40,23,26,66,8
91,91,67,56,10,42,70,65,59,23
59,98,45,9,21,44,60,54,73,35
78,41,89,40,72,67,63,36,90,26
15,1,58,5,68,40,12,52,60,16
35,32,38,53,51,28,55,25,54,7
43,0,54,63,73,49,10,32,50,2
34,76,96,19,52,94,67,62,63,4
37,99,35,83,32,98,51,51,79,18
78,37,90,56,18,92,51,39,89,23
73,66,31,22,5,85,63,99,70,35
77,40,92,89,44,76,60,6,73,49
77,1,92,22,66,19,39,82,83,38
75,34,18,95,54,38,32,48,95,24
54,14,98,90,42,75,82,49,86,32
63,91,41,63,92,15,48,79,87,3
78,37,97,88,33,50,34,77,61,8
16,68,11,55,1,85,67,70,91,39
48,92,37,41,65,92,11,62,51,40
56,11,85,66,32,88,9,34,74,37
43,41,39,84,77,15,35,59,66,6
34,47,2,76,80,99,33,31,57,42
63,50,50,89,33,16,85,44,93,13
14,10,37,45,25,7,11,96,75,39
66,69,76,9,83,84,25,16,72,9
43,69,23,43,13,32,4,25,60,9
39,8,12,19,15,30,73,68,86,17
7,84,78,67,21,83,75,20,91,3
39,43,74,11,34,85,6,78,65,24
92,20,6,54,75,62,81,18,97,20
22,7,16,57,66,22,52,59,54,15
84,26,14,72,56,70,0,78,97,33
74,46,99,81,99,7,53,57,88,23
33,53,44,24,23,13,61,41,69,44
62,93,86,94,14,37,85,53,84,0
65,55,50,92,69,51,84,75,65,6
91,53,62,66,45,83,19,9,52,35
57,95,3,86,27,29,73,28,79,16
33,77,3,45,81,85,73,39,75,29
47,96,13,21,1,41,0,13,73,32
37,91,49,77,11,93,65,96,62,41
91,95,31,96,40,57,60,1,91,33
32,47,70,67,75,69,22,98,87,43
71,48,15,58,18,21,51,25,59,22
99,82,72,82,94,56,17,67,65,27
59,60,16,95,66,38,51,77,70,40
86,1,71,21,22,94,61,52,61,30
75,56,32,60,19,17,66,29,84,29
71,45,92,88,48,10,48,25,73,23
37,86,24,11,35,39,79,27,75,25
74,72,48,18,69,33,49,21,70,20
14,6,50,29,92,72,60,66,72,32
68,82,87,96,12,71,8,12,82,31
83,85,88,51,37,40,52,38,85,48
55,32,41,87,53,94,21,75,51,4
75,88,78,97,48,36,28,9,72,35
86,21,60,75,77,53,21,59,82,33
33,8,32,51,3,76,63,69,51,31
58,44,41,32,56,4,81,29,54,14
50,74,87,98,7,40,37,55,63,24
75,62,82,27,78,63,69,29,93,9
72,70,4,89,50,46,21,84,75,37
86,54,84,42,32,71,79,56,99,20
28,71,8,72,96,87,5,80,53,49
16,16,21,21,44,48,14,36,69,47
7,63,37,93,68,17,38,4,68,23
79,42,99,7,17,63,3,36,75,12
20,70,63,0,40,27,99,14,96,4
91,19,80,18,0,98,9,97,76,35
41,83,30,42,47,62,40,7,69,23
32,61,33,88,18,37,28,28,65,20
57,81,34,24,92,46,75,66,90,22
94,45,7,90,44,33,30,76,94,30
61,7,58,94,78,85,93,77,96,40
37,20,64,93,60,77,3,53,50,30
50,43,52,21,47,23,1,88,53,31
81,14,89,63,29,65,71,94,93,3
51,47,25,49,10,61,45,98,74,42
66,52,38,60,72,70,59,93,70,3
27,9,51,48,37,98,4,16,76,25
49,80,59,83,2,57,68,94,59,43
6,4,44,80,14,24,89,51,80,36
17,9,50,61,86,87,62,96,72,18
91,53,46,50,56,80,29,1,53,44
63,46,39,7,45,52,89,81,82,5
32,94,16,45,72,68,36,27,65,44
72,55,81,76,86,64,76,36,50,33
48,42,1,86,42,27,49,54,94,14
60,82,70,85,66,4,36,20,93,38
41,81,98,43,86,5,68,47,51,38
91,7,9,1,6,4,91,35,82,4
76,60,58,6,75,31,7,30,89,27
61,84,24,81,12,15,97,77,77,8
50,38,67,94,24,48,76,59,77,0
22,34,54,51,7,91,54,66,87,46
84,43,3,73,52,69,96,32,61,33
98,32,2,93,77,6,72,84,79,14
23,75,89,47,93,76,53,41,77,20
92,17,6,87,64,30,71,10,66,27
76,47,43,27,68,55,2,85,66,44
39,2,72,85,45,52,34,8,78,43
14,62,10,64,74,57,13,52,75,6
89,49,46,29,35,51,7,97,99,16
70,70,6,7,25,44,29,28,80,17
56,54,32,53,93,44,32,52,95,17
18,67,55,79,92,32,39,49,57,14
16,4,19,58,65,16,97,86,50,40
41,14,33,8,71,99,77,23,79,31
16,29,97,12,79,36,11,8,54,41
63,63,62,43,32,79,97,60,89,5
54,29,6,45,16,42,84,56,91,47
13,1,52,19,17,39,38,66,93,19
57,16,17,16,95,34,39,45,82,31
35,26,10,39,96,11,76,31,85,17
52,53,6,94,52,55,68,81,66,43
11,28,19,8,29,42,21,42,73,47
3,19,38,50,1,9,44,91,62,34
25,50,84,9,27,16,11,78,68,25
43,80,60,93,60,10,88,66,75,10
40,44,56,81,1,89,0,8,78,49
85,11,37,11,38,57,29,95,64,6
2,92,44,68,97,94,40,22,53,42
68,75,98,29,59,11,77,97,72,45
78,32,76,17,61,38,17,27,95,26
19,80,70,14,28,31,19,16,86,3
22,19,22,53,55,95,97,39,94,16
1,42,98,34,77,46,17,9,77,31
3,42,74,82,82,79,5,51,91,19
77,33,4,7,56,74,1,59,65,19
73,3,20,33,24,63,93,43,86,40
82,36,52,56,6,82,32,6,50,5
29,53,24,59,72,84,50,72,97,37
63,51,76,75,52,22,66,57,94,25
30,19,72,66,21,16,74,40,52,17
18,49,16,19,77,86,70,2,51,40
91,47,84,10,46,38,65,43,99,36
7,91,57,3,36,2,9,84,54,15
67,96,8,46,49,8,84,70,51,46
27,26,51,3,1,95,37,80,62,39
11,52,43,48,91,89,11,73,51,23
17,32,72,29,85,86,46,49,96,37
87,42,68,73,56,90,73,27,83,11
39,38,41,62,82,33,7,80,86,2
93,50,19,20,77,99,2,58,69,9
13,53,53,34,19,42,93,86,87,26
50,67,22,24,99,49,14,80,88,24
60,54,71,13,19,2,16,96,57,23
65,47,1,40,65,0,92,62,56,13
95,93,31,16,88,57,97,80,87,20
47,90,30,16,17,72,52,97,68,20
68,85,37,66,49,52,27,61,50,3
26,16,64,54,84,59,49,3,83,26
87,44,36,51,98,68,26,3,50,22
19,3,80,42,93,96,54,87,60,23
65,37,88,58,46,1,16,87,77,11
51,67,39,25,35,56,17,79,81,11
13,42,86,99,15,23,86,29,72,19
43,37,63,98,18,36,8,30,53,14
17,96,27,16,10,6,4,71,53,37
0,68,96,98,98,18,56,91,50,5
87,26,57,46,19,38,79,82,92,25
96,14,27,27,24,30,48,68,56,46
33,17,87,63,84,14,17,77,63,35
28,3,42,12,63,31,14,87,93,41
87,55,47,38,82,30,63,78,68,30
96,86,92,84,59,78,58,27,74,15
3,20,66,63,43,70,46,5,55,41
33,50,4,88,66,38,11,51,90,28
43,76,55,61,73,14,26,10,52,10
58,48,72,96,82,56,6,56,76,19
64,50,21,27,84,67,60,91,89,4
22,69,3,58,90,51,82,18,57,31
26,76,85,23,34,20,67,48,83,42
58,20,76,28,0,50,66,26,93,38
70,53,14,16,76,37,11,64,91,7
82,84,10,18,4,4,20,73,63,17
46,1,8,81,72,39,76,44,91,49
29,94,73,95,9,33,91,43,73,42
24,0,47,60,14,22,93,46,54,44
34,87,10,60,17,19,39,94,85,2
44,92,85,18,75,87,29,24,83,13
44,29,57,45,68,25,75,97,85,7
56,45,60,31,1,14,47,31,97,25
33,52,14,7,91,90,98,1,68,4
30,5,92,8,51,30,67,66,56,42
19,34,0,37,80,97,4,25,98,3
94,43,15,80,59,53,69,67,93,18
5,46,67,3,18,74,75,58,61,28
39,63,35,21,23,37,22,90,71,29
23,57,83,13,1,66,93,14,65,21
13,87,26,50,87,25,1,79,50,21
59,16,18,3,6,37,39,73,67,46
23,43,25,49,24,98,89,96,51,31
50,64,37,49,31,4,65,20,64,40
65,28,35,49,61,82,89,46,94,49
69,46,37,91,90,29,35,47,62,8
16,2,85,65,2,41,58,53,95,36
48,32,94,58,83,83,6,54,51,1
43,68,9,21,64,26,76,17,60,33
52,44,58,94,34,68,83,9,87,22
51,20,77,53,41,65,62,29,73,31
71,7,65,40,25,15,60,81,92,49
39,46,71,0,38,37,21,95,69,14
19,35,93,2,75,4,5,97,87,26
45,56,75,70,16,91,19,22,98,0
13,62,41,42,61,97,84,3,68,37
92,99,49,18,84,25,4,45,93,37
88,7,52,62,64,66,99,81,56,15
63,11,2,74,52,21,54,52,53,20
43,39,76,32,70,1,14,62,60,45
26,93,86,37,47,20,0,68,97,7
74,95,49,84,6,86,89,18,57,40
48,1,53,35,40,82,36,43,54,40
75,64,29,41,81,51,20,83,87,12
43,24,78,58,31,62,6,83,70,2
26,54,21,38,4,19,25,93,96,21
33,50,56,89,99,34,20,34,55,30
69,76,73,25,81,33,87,15,68,19
80,98,27,65,46,91,15,58,93,33
74,4,72,4,88,10,70,1,78,6
94,2,61,27,78,98,91,92,68,26
93,82,99,51,2,55,6,90,63,38
10,67,10,85,60,81,32,41,66,35
14,68,61,95,28,31,25,16,93,25
25,13,73,2,31,14,76,36,85,27
82,58,72,38,20,41,98,77,59,41
86,86,32,91,99,73,35,71,52,37
96,91,1,16,67,3,56,32,62,46
60,66,85,21,8,18,94,38,95,13
5,91,55,43,24,38,1,30,50,48
85,12,11,6,36,1,88,52,53,22
42,17,78,50,80,12,26,82,55,40
0,80,34,71,23,18,11,18,96,41
31,99,7,89,38,2,64,37,86,12
89,65,36,9,45,70,85,81,87,3
49,26,5,42,31,22,4,31,98,32
82,45,31,35,66,27,96,0,77,15
5,81,2,4,91,80,8,46,50,46
75,93,37,55,6,54,94,28,56,3
62,24,37,99,73,31,72,41,91,8
70,4,33,25,37,6,90,6,55,39
39,87,47,88,74,51,42,70,89,48
18,50,12,5,16,34,74,12,81,46
21,61,98,38,5,49,71,39,93,43
68,44,2,23,44,27,28,92,78,20
96,90,73,54,60,89,37,70,63,14
48,4,9,66,5,1,99,4,98,7
62,44,89,86,27,78,78,33,78,2
2,6,9,85,67,10,42,86,64,43
32,41,63,99,76,11,13,53,92,15
44,73,3,9,64,96,82,11,84,47
36,43,32,26,46,23,86,42,99,31
26,24,33,18,73,68,62,26,54,30
21,97,55,25,32,3,67,84,91,44
92,87,27,52,84,15,13,75,71,11
9,52,17,20,59,96,55,23,79,7
12,97,53,25,61,2,53,57,83,15
33,51,24,31,71,29,76,92,92,37
44,39,75,84,49,98,47,2,76,27
0,16,6,90,35,75,36,83,85,35
30,74,79,14,18,79,91,99,97,3
61,71,6,11,46,42,54,28,83,33
91,90,35,59,3,17,76,47,58,44
10,55,28,56,79,73,29,86,76,9
93,11,34,87,94,51,46,49,75,11
15,86,95,64,73,30,27,51,59,6
11,99,95,1,23,10,59,9,92,3
53,88,43,82,25,77,97,97,89,22
67,76,76,21,70,42,21,79,61,47
0,12,95,84,63,90,86,46,52,45
12,0,14,5,7,58,95,72,50,41
39,21,8,16,13,91,80,2,63,47
44,16,73,0,57,11,61,6,72,45
0,13,3,98,48,99,70,89,65,11
48,13,24,51,94,61,22,98,66,45
81,63,35,18,52,40,15,24,93,18
29,98,62,14,79,77,0,21,58,3
56,48,59,4,60,1,53,71,88,23
45,79,86,64,54,40,56,65,79,9
10,5,44,27,25,97,76,13,50,49
59,30,6,63,20,16,22,62,77,2
46,12,80,68,73,64,78,3,93,16
53,57,10,14,7,97,73,13,97,15
83,30,21,36,97,60,45,64,86,10
59,83,69,62,29,73,0,5,58,12
88,39,23,28,10,42,49,59,71,24
23,77,62,61,98,60,79,5,76,0
25,0,2,20,35,3,12,0,96,28
36,42,47,7,38,14,79,52,73,4
36,21,66,10,19,25,4,48,98,4
94,11,54,75,72,42,78,94,77,11
65,20,31,87,14,44,95,89,93,45
64,31,13,51,22,78,83,40,75,46
63,41,0,26,59,81,30,85,55,41
87,6,49,9,60,95,28,74,80,34
74,44,85,46,2,52,2,72,60,15
94,12,92,47,41,63,25,95,62,30
15,36,58,25,5,82,69,96,99,28
73,76,10,42,73,37,70,43,73,14
90,81,43,99,27,1,19,1,97,14
18,43,22,6,18,4,95,30,69,31
8,22,3,68,37,95,29,20,76,43
84,17,20,25,5,43,12,95,83,21
74,17,11,58,71,55,11,63,67,36
40,39,35,49,49,68,90,34,99,2
69,16,10,88,28,93,63,82,83,15
67,28,40,9,34,96,5,21,90,43
64,5,70,89,13,37,8,13,59,18
50,34,59,12,83,53,72,2,71,46
34,56,47,69,35,34,71,90,52,16
97,40,19,17,28,35,98,33,58,21
11,49,28,60,60,56,60,57,81,42
65,7,56,17,20,51,34,29,58,48
21,63,75,92,9,30,39,6,74,1
57,10,6,87,67,21,67,99,89,44
89,29,95,56,98,91,54,92,71,40
16,97,41,73,14,82,70,95,72,1
92,0,58,60,12,19,2,21,54,38
16,93,10,31,12,98,26,88,78,31
93,43,5,17,74,19,98,83,53,1
12,25,38,20,44,95,48,87,51,41
9,37,15,23,75,66,71,0,71,9
94,29,53,8,96,92,22,60,54,9
83,27,44,45,64,88,30,47,87,43
42,0,67,63,74,32,29,12,97,43
47,80,18,27,4,72,98,77,61,17
72,61,60,58,39,74,99,81,50,28
48,49,7,1,80,65,96,26,58,20
26,58,35,73,9,57,75,44,82,22
63,50,39,17,24,73,72,98,70,37
96,49,33,21,86,30,97,97,99,34
22,72,68,51,43,79,17,69,64,7
64,76,48,14,52,49,69,20,67,28
91,8,96,32,89,67,86,54,51,47
20,61,62,84,35,49,54,48,87,0
45,21,64,33,71,99,96,87,92,33
29,88,22,34,78,61,1,24,67,4
20,78,57,22,59,64,96,8,79,32
54,76,81,60,54,25,22,65,73,3
46,67,78,8,70,68,10,41,63,37
20,52,35,31,72,81,10,98,59,31
40,12,23,46,27,31,71,1,57,2
43,6,37,48,89,94,2,64,51,47
66,52,53,12,36,83,95,8,76,35
22,33,32,79,83,24,94,5,91,44
89,82,82,56,43,41,96,48,58,42
46,92,57,99,11,52,82,39,79,49
19,81,6,31,83,83,29,42,90,31
35,12,91,32,84,37,71,47,88,47
24,11,88,48,90,87,92,76,97,36
15,11,87,11,49,49,4,89,73,20
84,48,5,66,76,85,53,17,51,23
8,2,47,77,77,82,16,75,56,9
4,95,42,51,75,34,63,45,65,49
26,32,23,92,35,85,75,34,99,31
71,21,66,63,0,4,48,3,71,25
59,3,29,51,43,90,53,55,53,3
79,92,32,86,3,67,72,23,92,5
95,55,29,48,97,33,28,6,62,20
50,70,12,73,72,7,94,64,97,5
40,21,92,19,14,36,86,42,83,43
70,59,9,47,70,93,76,24,52,49
1,20,61,53,93,57,97,55,88,42
53,70,93,25,34,96,42,88,85,6
10,5,61,29,25,46,29,30,95,25
26,90,58,55,89,35,20,60,72,0
91,99,71,77,67,91,18,7,69,2
7,33,68,90,19,42,57,63,77,28
97,79,99,33,20,93,38,17,74,2
62,55,95,2,27,16,87,93,67,12
11,47,42,76,90,15,97,46,99,42
42,47,49,86,43,37,9,32,90,6
28,74,72,16,55,17,37,78,81,1
20,0,81,59,78,1,19,81,65,44
88,49,95,11,22,99,36,94,79,22
83,14,20,93,63,61,52,27,66,12
53,1,16,58,40,50,1,38,74,22
52,42,94,62,90,3,63,9,96,37
10,53,10,94,47,47,28,29,98,48
39,51,48,99,38,72,97,75,78,41
41,30,94,44,68,82,4,66,81,5
70,13,72,52,4,65,25,57,76,39
84,21,77,14,41,87,79,11,99,11
33,14,99,66,83,70,3,26,98,0
57,37,30,14,8,86,10,68,96,34
80,43,25,92,90,77,74,55,73,48
90,42,31,58,71,60,60,86,55,3
86,81,82,49,5,46,0,98,84,8
27,85,22,15,84,46,4,92,50,28
13,21,82,30,64,86,41,64,82,2
52,63,89,34,8,10,51,77,90,35
24,87,74,6,2,91,31,57,96,47
43,2,64,60,25,34,39,63,83,34
51,5,45,8,33,93,15,72,90,21
26,15,87,65,87,9,70,23,51,45
59,10,78,51,43,96,72,38,57,10
84,55,80,83,53,65,38,19,91,11
81,86,91,33,56,68,73,49,55,47
84,52,32,4,6,33,84,76,87,25
70,98,40,86,33,36,61,92,86,24
33,56,16,35,1,36,89,76,88,16
43,69,51,92,56,89,52,85,67,22
30,13,61,66,96,3,67,8,56,2
92,30,40,67,62,22,89,81,85,12
25,28,65,4,57,51,59,3,64,4
77,81,3,71,38,7,94,68,70,7
89,60,40,11,26,50,62,64,77,23
28,66,88,19,30,71,26,22,73,41
45,33,35,4,60,25,57,88,98,2
74,73,33,55,73,94,47,0,63,36
56,40,30,10,92,70,99,27,78,20
72,42,47,41,35,39,94,85,82,37
59,16,39,96,29,95,1,80,77,15
85,81,38,38,68,52,86,75,78,8
33,35,49,68,4,25,13,9,66,15
25,46,74,69,63,44,89,56,87,31
6,49,64,30,17,90,44,49,58,35
12,78,88,48,18,1,31,57,67,44
3,38,41,87,92,95,25,87,77,47
78,27,56,46,89,40,6,27,53,9
20,94,24,7,58,32,32,67,91,30
18,80,20,0,86,1,65,11,74,33
22,69,78,91,67,22,88,54,99,27
89,5,93,70,49,79,63,22,89,1
27,80,76,48,16,36,99,83,59,9
99,57,60,52,17,67,2,52,63,46
58,89,83,39,58,37,2,37,98,41
45,78,8,36,32,53,41,16,74,36
74,24,87,32,17,27,25,67,98,29
20,73,3,77,41,34,29,34,81,14
30,53,33,91,71,60,59,25,60,19
86,74,26,50,45,68,39,78,87,4
48,44,76,66,5,9,7,92,77,24
98,14,34,91,49,93,78,90,58,14
45,70,98,20,61,3,4,8,67,31
48,24,11,99,98,17,77,20,88,32
87,45,51,93,44,88,70,8,85,16
29,39,3,45,38,87,82,57,57,38
55,83,84,82,48,93,39,65,96,33
83,32,70,33,19,82,57,0,62,32
77,56,49,41,65,48,70,55,60,16
72,93,58,75,78,58,75,66,93,32
67,41,77,38,11,39,82,11,60,20
53,10,97,93,52,62,92,29,93,9
94,16,35,8,6,60,94,87,81,4
27,49,27,70,77,57,26,17,55,0
38,28,43,32,74,13,4,70,50,7
72,88,37,28,2,22,81,99,71,23
37,77,20,7,32,32,60,30,85,22
80,41,24,75,79,8,32,21,70,1
9,1,14,67,72,46,14,6,89,42
